timestamp,YEONJUN,BAEKHYUN
2026-04-12 12:04:40,23278,9584
2026-04-12 14:28:24,24250,11365
2026-04-12 16:04:19,25956,11989
2026-04-12 17:59:09,26629,12210
2026-04-12 19:55:45,26993,12238
2026-04-12 21:53:45,27042,12346
2026-04-12 23:55:11,27696,12837
2026-04-13 07:28:08,29327,13542
2026-04-13 11:56:44,29772,14215
2026-04-13 16:41:13,32349,16548
2026-04-13 20:14:00,32651,16963
2026-04-13 23:06:06,33056,17512
2026-04-14 06:13:47,35297,18690
2026-04-14 10:48:23,36740,19503
2026-04-14 15:51:29,38723,22348
2026-04-14 19:56:37,39474,23064
2026-04-14 22:33:30,39559,23223
2026-04-15 06:08:45,41359,24143
2026-04-15 10:43:46,42435,24894
2026-04-15 14:57:29,43926,26887
2026-04-15 18:55:06,45368,27875
2026-04-15 22:05:33,45497,28244
2026-04-16 05:53:25,46991,29280
2026-04-16 10:44:34,48447,30078
2026-04-16 16:10:42,50367,32581
2026-04-16 20:03:12,51038,33132
2026-04-16 22:24:59,51233,33518
2026-04-17 06:13:54,52853,34234
2026-04-17 10:37:54,53864,34878
2026-04-17 14:43:20,55194,35606
2026-04-17 17:36:42,56378,36636
2026-04-17 20:08:06,56906,36692
2026-04-17 22:09:20,57047,36734
2026-04-18 00:06:15,57201,36878
2026-04-18 05:54:05,57916,37409
2026-04-18 08:09:16,58421,37684
2026-04-18 10:27:15,58982,38108
2026-04-18 14:28:43,60422,40097
2026-04-18 16:06:24,61113,40576
2026-04-18 18:03:35,61694,41125
2026-04-18 19:57:14,61844,41181
2026-04-18 21:53:11,62030,41309
2026-04-18 23:54:58,62065,41538
2026-04-19 06:19:10,63750,42338
2026-04-19 09:10:52,64326,42901
2026-04-19 11:23:14,64886,43200
2026-04-19 14:07:11,65720,44753
2026-04-19 16:03:05,66445,45597
2026-04-19 18:04:18,67090,45867
2026-04-19 19:57:57,67147,46005
2026-04-19 21:54:02,67208,46040
2026-04-19 23:56:02,67717,46310
2026-04-20 07:29:37,69652,47257
2026-04-20 11:57:39,70012,47946
2026-04-20 16:20:58,71415,50631
2026-04-20 20:05:40,71780,51089
2026-04-20 22:30:26,72042,51416
2026-04-21 06:14:33,73727,52278
2026-04-21 10:51:40,74390,52584
2026-04-21 15:56:26,76494,54016
2026-04-21 19:55:23,76806,54488
2026-04-21 22:25:40,76979,54542
2026-04-22 00:04:34,77212,54884
2026-04-22 06:25:33,78915,55436
