timestamp,YEONJUN,BAEKHYUN
2026-04-12 12:04:40,23278,9584
2026-04-12 14:28:24,24250,11365
2026-04-12 16:04:19,25956,11989
2026-04-12 17:59:09,26629,12210
2026-04-12 19:55:45,26993,12238
2026-04-12 21:53:45,27042,12346
2026-04-12 23:55:11,27696,12837
2026-04-13 07:28:08,29327,13542
2026-04-13 11:56:44,29772,14215
2026-04-13 16:41:13,32349,16548
2026-04-13 20:14:00,32651,16963
2026-04-13 23:06:06,33056,17512
2026-04-14 06:13:47,35297,18690
2026-04-14 10:48:23,36740,19503
2026-04-14 15:51:29,38723,22348
2026-04-14 19:56:37,39474,23064
2026-04-14 22:33:30,39559,23223
2026-04-15 06:08:45,41359,24143
2026-04-15 10:43:46,42435,24894
2026-04-15 14:57:29,43926,26887
2026-04-15 18:55:06,45368,27875
2026-04-15 22:05:33,45497,28244
2026-04-16 05:53:25,46991,29280
2026-04-16 10:44:34,48447,30078
2026-04-16 16:10:42,50367,32581
2026-04-16 20:03:12,51038,33132
2026-04-16 22:24:59,51233,33518
2026-04-17 06:13:54,52853,34234
2026-04-17 10:37:54,53864,34878
2026-04-17 14:43:20,55194,35606
2026-04-17 17:36:42,56378,36636
2026-04-17 20:08:06,56906,36692
2026-04-17 22:09:20,57047,36734
2026-04-18 00:06:15,57201,36878
2026-04-18 05:54:05,57916,37409
2026-04-18 08:09:16,58421,37684
2026-04-18 10:27:15,58982,38108
2026-04-18 14:28:43,60422,40097
2026-04-18 16:06:24,61113,40576
2026-04-18 18:03:35,61694,41125
2026-04-18 19:57:14,61844,41181
2026-04-18 21:53:11,62030,41309
2026-04-18 23:54:58,62065,41538
2026-04-19 06:19:10,63750,42338
2026-04-19 09:10:52,64326,42901
2026-04-19 11:23:14,64886,43200
2026-04-19 14:07:11,65720,44753
2026-04-19 16:03:05,66445,45597
2026-04-19 18:04:18,67090,45867
2026-04-19 19:57:57,67147,46005
2026-04-19 21:54:02,67208,46040
2026-04-19 23:56:02,67717,46310
2026-04-20 07:29:37,69652,47257
2026-04-20 11:57:39,70012,47946
2026-04-20 16:20:58,71415,50631
2026-04-20 20:05:40,71780,51089
2026-04-20 22:30:26,72042,51416
2026-04-21 06:14:33,73727,52278
2026-04-21 10:51:40,74390,52584
2026-04-21 15:56:26,76494,54016
2026-04-21 19:55:23,76806,54488
2026-04-21 22:25:40,76979,54542
2026-04-22 00:04:34,77212,54884
2026-04-22 06:25:33,78915,55436
2026-04-22 10:49:43,79678,56010
2026-04-22 15:52:38,81328,57940
2026-04-22 19:57:23,81959,58653
2026-04-22 22:35:10,82008,58987
2026-04-23 06:18:28,83507,59680
2026-04-23 10:56:30,84522,60346
2026-04-23 16:55:00,86201,62078
2026-04-23 20:15:21,86409,62140
2026-04-23 22:31:10,86520,62494
2026-04-24 06:22:17,88670,63502
2026-04-24 10:53:32,90024,63942
2026-04-24 15:49:09,92602,65035
2026-04-24 18:04:49,93055,65526
2026-04-24 20:31:46,93434,65811
2026-04-24 23:01:58,93905,65952
2026-04-25 09:13:41,97563,66927
2026-04-25 11:27:21,98062,67457
2026-04-25 14:12:38,99133,68330
2026-04-25 16:08:31,100541,68797
2026-04-25 18:07:28,100876,69017
2026-04-25 20:02:28,101145,69105
2026-04-25 21:59:59,101655,69217
2026-04-26 00:01:46,101999,69234
2026-04-26 06:31:45,104839,69681
2026-04-26 09:39:36,106063,69853
2026-04-26 11:58:33,106738,70090
2026-04-26 14:33:36,114301,70604
2026-04-26 17:07:09,116349,71439
2026-04-26 19:52:25,117004,71718
2026-04-26 21:57:00,117408,71888
2026-04-27 00:05:25,118321,72062
2026-04-27 09:10:28,123087,73442
2026-04-27 15:26:51,132242,79088
2026-04-27 20:00:37,134332,80122
2026-04-27 23:14:09,134770,80302
2026-04-28 07:55:20,138170,82112
2026-04-28 16:18:52,151457,90007
2026-04-28 20:49:16,152742,91051
2026-04-28 21:50:59,153186,91188
2026-04-28 23:02:18,153717,91583
2026-04-29 00:06:12,154482,91753
2026-04-29 04:02:14,157236,117931
2026-04-29 06:36:37,167327,151068
2026-04-29 09:01:00,175323,174145
2026-04-29 11:04:22,186842,189172
2026-04-29 12:52:58,196888,203711
2026-04-29 15:22:53,223236,217154
2026-04-29 17:07:06,233798,221223
2026-04-29 18:47:40,239326,222544
2026-04-29 20:05:32,240397,222850
2026-04-29 21:17:59,241579,222986
2026-04-29 22:15:47,242681,223700
2026-04-29 23:14:57,244110,224508
2026-04-30 00:12:26,245826,226682
2026-04-30 04:08:41,284422,266756
2026-04-30 06:42:44,301146,291049
2026-04-30 09:06:00,325411,324640
2026-04-30 11:05:43,352128,351563
2026-04-30 12:53:09,421109,422020
2026-04-30 15:18:16,587932,565887
2026-04-30 16:53:05,587932,565887
2026-04-30 18:17:01,587932,565887
2026-04-30 19:53:26,587932,565887
2026-04-30 21:11:09,587932,565887
2026-04-30 22:14:15,587932,565887
2026-04-30 23:14:17,587932,565887
2026-05-01 00:10:50,587932,565887
2026-05-01 04:32:51,587932,565887
2026-05-01 07:16:29,587932,565887
2026-05-01 09:14:26,587932,565887
2026-05-01 10:48:52,587932,565887
2026-05-01 11:51:43,587932,565887
2026-05-01 13:47:02,587932,565887
2026-05-01 14:43:34,587932,565887
2026-05-01 15:42:44,587932,565887
2026-05-01 16:40:40,587932,565887
2026-05-01 17:44:34,587932,565887
2026-05-01 18:51:09,587932,565887
2026-05-01 20:09:41,587932,565887
2026-05-01 21:08:53,587932,565887
2026-05-01 22:06:55,587932,565887
2026-05-01 23:07:57,587932,565887
2026-05-02 00:06:31,587932,565887
2026-05-02 03:50:43,587932,565887
2026-05-02 06:17:11,587932,565887
2026-05-02 08:01:58,587932,565887
2026-05-02 10:29:45,587932,565887
2026-05-02 11:27:18,587932,565887
2026-05-02 12:10:39,587932,565887
2026-05-02 13:51:25,587932,565887
2026-05-02 14:57:31,587932,565887
2026-05-02 15:56:28,587932,565887
2026-05-02 17:00:54,587932,565887
2026-05-02 18:01:48,587932,565887
2026-05-02 19:16:08,587932,565887
2026-05-02 20:02:18,587932,565887
2026-05-02 20:59:13,587932,565887
2026-05-02 21:55:02,587932,565887
2026-05-02 22:54:04,587932,565887
2026-05-02 23:55:01,587932,565887
2026-05-03 04:02:17,587932,565887
2026-05-03 06:39:11,587932,565887
2026-05-03 08:26:49,587932,565887
2026-05-03 09:51:28,587932,565887
2026-05-03 11:00:15,587932,565887
2026-05-03 13:42:44,587932,565887
2026-05-03 14:38:23,587932,565887
2026-05-03 15:32:35,587932,565887
2026-05-03 16:28:55,587932,565887
2026-05-03 17:29:31,587932,565887
2026-05-03 18:33:33,587932,565887
2026-05-03 20:27:49,587932,565887
2026-05-03 21:23:47,587932,565887
2026-05-03 22:08:54,587932,565887
2026-05-03 23:04:38,587932,565887
2026-05-04 00:02:09,587932,565887
2026-05-04 04:07:50,587932,565887
2026-05-04 07:24:39,587932,565887
2026-05-04 09:38:39,587932,565887
2026-05-04 11:27:31,587932,565887
2026-05-04 13:11:27,587932,565887
2026-05-04 15:25:28,587932,565887
2026-05-04 17:13:49,587932,565887
2026-05-04 19:00:02,587932,565887
2026-05-04 20:39:25,587932,565887
2026-05-04 21:45:54,587932,565887
2026-05-04 22:43:08,587932,565887
2026-05-04 23:39:32,587932,565887
2026-05-05 01:20:40,587932,565887
2026-05-05 04:46:48,587932,565887
2026-05-05 07:08:11,587932,565887
2026-05-05 09:21:19,587932,565887
2026-05-05 11:03:47,587932,565887
2026-05-05 12:12:25,587932,565887
2026-05-05 14:29:47,587932,565887
2026-05-05 16:13:53,587932,565887
2026-05-05 17:56:03,587932,565887
2026-05-05 19:47:04,587932,565887
2026-05-05 20:49:10,587932,565887
2026-05-05 21:54:55,587932,565887
2026-05-05 23:02:48,587932,565887
2026-05-06 00:02:07,587932,565887
2026-05-06 04:02:54,587932,565887
2026-05-06 06:44:05,587932,565887
2026-05-06 09:13:58,587932,565887
2026-05-06 11:23:22,587932,565887
2026-05-06 13:17:06,587932,565887
2026-05-06 15:38:51,587932,565887
2026-05-06 17:14:43,587932,565887
2026-05-06 19:05:54,587932,565887
2026-05-06 20:45:38,587932,565887
2026-05-06 21:49:03,587932,565887
2026-05-06 22:44:12,587932,565887
2026-05-06 23:36:48,587932,565887
2026-05-07 01:23:26,587932,565887
2026-05-07 05:02:04,587932,565887
2026-05-07 07:51:51,587932,565887
2026-05-07 10:31:47,587932,565887
2026-05-07 12:21:18,587932,565887
2026-05-07 15:15:34,587932,565887
2026-05-07 17:11:46,587932,565887
2026-05-07 19:07:51,587932,565887
2026-05-07 20:38:39,587932,565887
2026-05-07 21:38:46,587932,565887
2026-05-07 22:43:44,587932,565887
2026-05-07 23:39:29,587932,565887
2026-05-08 01:27:10,587932,565887
2026-05-08 04:41:53,587932,565887
2026-05-08 06:24:55,587932,565887
2026-05-08 08:11:49,587932,565887
2026-05-08 09:58:24,587932,565887
2026-05-08 11:39:59,587932,565887
2026-05-08 13:00:02,587932,565887
2026-05-08 15:01:32,587932,565887
2026-05-08 16:44:27,587932,565887
2026-05-08 18:01:04,587932,565887
2026-05-08 19:44:17,587932,565887
2026-05-08 20:43:10,587932,565887
2026-05-08 21:44:58,587932,565887
2026-05-08 22:41:02,587932,565887
2026-05-08 23:41:49,587932,565887
2026-05-09 01:25:18,587932,565887
2026-05-09 04:53:56,587932,565887
2026-05-09 07:14:48,587932,565887
2026-05-09 08:55:26,587932,565887
2026-05-09 10:13:35,587932,565887
2026-05-09 11:14:45,587932,565887
2026-05-09 12:06:06,587932,565887
2026-05-09 13:51:45,587932,565887
2026-05-09 15:01:00,587932,565887
2026-05-09 16:06:46,587932,565887
2026-05-09 17:12:16,587932,565887
2026-05-09 18:09:52,587932,565887
2026-05-09 19:35:24,587932,565887
2026-05-09 20:25:24,587932,565887
2026-05-09 21:23:19,587932,565887
2026-05-09 22:10:35,587932,565887
2026-05-09 23:08:50,587932,565887
2026-05-10 00:05:42,587932,565887
2026-05-10 04:13:48,587932,565887
2026-05-10 07:09:13,587932,565887
2026-05-10 09:03:15,587932,565887
2026-05-10 14:12:30,587932,565887
2026-05-10 15:27:49,587932,565887
2026-05-10 16:31:28,587932,565887
2026-05-10 17:36:10,587932,565887
2026-05-10 18:39:14,587932,565887
2026-05-10 19:46:58,587932,565887
2026-05-10 20:33:49,587932,565887
2026-05-10 21:32:37,587932,565887
2026-05-10 22:28:07,587932,565887
2026-05-10 23:31:54,587932,565887
2026-05-11 01:29:59,587932,565887
2026-05-11 05:41:50,587932,565887
2026-05-11 08:50:06,587932,565887
2026-05-11 12:01:38,587932,565887
2026-05-11 17:35:39,587932,565887
2026-05-11 19:18:54,587932,565887
2026-05-11 20:57:54,587932,565887
2026-05-11 22:16:13,587932,565887
2026-05-11 23:15:14,587932,565887
2026-05-12 00:14:42,587932,565887
2026-05-12 04:11:11,587932,565887
2026-05-12 07:20:26,587932,565887
2026-05-12 10:07:26,587932,565887
2026-05-12 12:17:40,587932,565887
2026-05-12 15:15:58,587932,565887
2026-05-12 19:19:52,587932,565887
2026-05-12 20:57:19,587932,565887
2026-05-12 22:19:53,587932,565887
2026-05-12 23:34:44,587932,565887
2026-05-13 01:27:56,587932,565887
2026-05-13 05:31:07,587932,565887
2026-05-13 08:23:08,587932,565887
2026-05-13 11:11:15,587932,565887
2026-05-13 16:09:17,587932,565887
2026-05-13 18:17:32,587932,565887
2026-05-13 20:14:43,587932,565887
2026-05-13 21:48:26,587932,565887
2026-05-13 22:56:23,587932,565887
2026-05-14 00:11:02,587932,565887
2026-05-14 04:16:52,587932,565887
2026-05-14 07:26:28,587932,565887
2026-05-14 09:57:05,587932,565887
2026-05-14 12:00:35,587932,565887
2026-05-14 14:38:55,587932,565887
2026-05-14 16:33:56,587932,565887
2026-05-14 18:23:05,587932,565887
2026-05-14 21:40:15,587932,565887
2026-05-14 22:44:57,587932,565887
2026-05-14 23:41:41,587932,565887
2026-05-15 01:45:57,587932,565887
2026-05-15 05:41:45,587932,565887
2026-05-15 08:32:16,587932,565887
2026-05-15 11:05:23,587932,565887
2026-05-15 13:03:52,587932,565887
2026-05-15 15:28:26,587932,565887
2026-05-15 17:12:50,587932,565887
2026-05-15 19:00:09,587932,565887
2026-05-15 20:21:36,587932,565887
2026-05-15 21:36:08,587932,565887
2026-05-15 22:37:02,587932,565887
2026-05-15 23:38:08,587932,565887
2026-05-16 01:25:00,587932,565887
2026-05-16 04:58:48,587932,565887
2026-05-16 07:23:41,587932,565887
2026-05-16 09:13:47,587932,565887
2026-05-16 10:40:51,587932,565887
2026-05-16 11:40:03,587932,565887
2026-05-16 12:46:15,587932,565887
2026-05-16 15:31:06,587932,565887
2026-05-16 16:36:06,587932,565887
2026-05-16 17:40:13,587932,565887
2026-05-16 18:42:01,587932,565887
2026-05-16 19:52:40,587932,565887
2026-05-16 20:59:36,587932,565887
2026-05-16 22:00:14,587932,565887
2026-05-16 23:07:13,587932,565887
2026-05-17 00:08:59,587932,565887
2026-05-17 04:33:08,587932,565887
2026-05-17 07:25:29,587932,565887
2026-05-17 09:20:19,587932,565887
2026-05-17 10:52:40,587932,565887
2026-05-17 12:03:04,587932,565887
2026-05-17 13:55:50,587932,565887
2026-05-17 15:05:49,587932,565887
2026-05-17 16:09:51,587932,565887
2026-05-17 17:16:44,587932,565887
2026-05-17 18:15:15,587932,565887
2026-05-17 19:41:25,587932,565887
2026-05-17 20:35:37,587932,565887
2026-05-17 21:37:35,587932,565887
2026-05-17 22:37:43,587932,565887
2026-05-17 23:42:32,587932,565887
2026-05-18 01:52:10,587932,565887
2026-05-18 06:21:51,587932,565887
2026-05-18 10:48:00,587932,565887
2026-05-18 14:24:17,587932,565887
2026-05-18 17:18:19,587932,565887
2026-05-18 19:10:30,587932,565887
2026-05-18 20:49:27,587932,565887
2026-05-18 21:58:53,587932,565887
2026-05-18 23:15:49,587932,565887
2026-05-19 01:26:49,587932,565887
2026-05-19 05:45:05,587932,565887
2026-05-19 08:51:15,587932,565887
2026-05-19 12:17:44,587932,565887
2026-05-19 15:54:16,587932,565887
2026-05-19 18:11:26,587932,565887
2026-05-19 20:09:11,587932,565887
2026-05-19 21:47:21,587932,565887
2026-05-19 22:54:20,587932,565887
2026-05-20 00:14:37,587932,565887
2026-05-20 04:41:27,587932,565887
2026-05-20 08:18:34,587932,565887
2026-05-20 11:24:22,587932,565887
2026-05-20 14:07:42,587932,565887
2026-05-20 17:30:43,587932,565887
2026-05-20 19:53:45,587932,565887
2026-05-20 22:02:48,587932,565887
2026-05-20 23:38:50,587932,565887
2026-05-21 01:34:48,587932,565887
2026-05-21 05:53:23,587932,565887
2026-05-21 09:58:12,587932,565887
2026-05-21 12:53:51,587932,565887
2026-05-21 16:24:16,587932,565887
2026-05-21 18:21:32,587932,565887
2026-05-21 20:23:01,587932,565887
2026-05-21 22:03:11,587932,565887
2026-05-21 23:16:01,587932,565887
2026-05-22 01:26:28,587932,565887
2026-05-22 05:44:19,587932,565887
2026-05-22 08:42:17,587932,565887
2026-05-22 11:34:39,587932,565887
2026-05-22 14:00:09,587932,565887
2026-05-22 16:34:34,587932,565887
2026-05-22 18:22:44,587932,565887
2026-05-22 20:21:45,587932,565887
2026-05-22 21:44:24,587932,565887
2026-05-22 22:44:18,587932,565887
2026-05-22 23:53:18,587932,565887
2026-05-23 04:01:26,587932,565887
2026-05-23 06:44:29,587932,565887
2026-05-23 08:55:17,587932,565887
2026-05-23 10:41:05,587932,565887
2026-05-23 11:50:02,587932,565887
2026-05-23 13:11:26,587932,565887
2026-05-23 14:44:48,587932,565887
2026-05-23 15:50:53,587932,565887
2026-05-23 17:12:32,587932,565887
2026-05-23 18:13:38,587932,565887
2026-05-23 19:40:43,587932,565887
2026-05-23 20:35:31,587932,565887
2026-05-23 21:37:23,587932,565887
2026-05-23 22:36:56,587932,565887
2026-05-23 23:41:58,587932,565887
2026-05-24 01:49:32,587932,565887
2026-05-24 05:55:51,587932,565887
2026-05-24 08:41:46,587932,565887
2026-05-24 10:23:05,587932,565887
2026-05-24 11:50:46,587932,565887
2026-05-24 13:52:45,587932,565887
2026-05-24 15:12:33,587932,565887
2026-05-24 16:30:12,587932,565887
2026-05-24 17:39:57,587932,565887
2026-05-24 18:49:43,587932,565887
2026-05-24 20:00:40,587932,565887
2026-05-24 21:10:03,587932,565887
2026-05-24 22:13:10,587932,565887
2026-05-24 23:30:11,587932,565887
2026-05-25 01:51:44,587932,565887
2026-05-25 06:43:44,587932,565887
2026-05-25 10:59:50,587932,565887
2026-05-25 14:16:04,587932,565887
2026-05-25 16:35:50,587932,565887
2026-05-25 18:14:53,587932,565887
2026-05-25 20:02:49,587932,565887
2026-05-25 21:33:35,587932,565887
2026-05-25 22:40:18,587932,565887
2026-05-25 23:51:53,587932,565887
2026-05-26 04:19:05,587932,565887
2026-05-26 08:04:58,587932,565887
2026-05-26 14:17:50,587932,565887
2026-05-26 17:39:38,587932,565887
2026-05-26 19:46:42,587932,565887
2026-05-26 21:22:50,587932,565887
2026-05-26 22:51:07,587932,565887
2026-05-27 00:15:27,587932,565887
2026-05-27 04:52:26,587932,565887
2026-05-27 08:43:47,587932,565887
2026-05-27 12:02:11,587932,565887
2026-05-27 16:11:10,587932,565887
2026-05-27 18:36:28,587932,565887
2026-05-27 20:53:29,587932,565887
2026-05-27 22:45:58,587932,565887
2026-05-27 23:52:04,587932,565887
2026-05-28 04:21:45,587932,565887
2026-05-28 08:27:57,587932,565887
2026-05-28 12:00:30,587932,565887
2026-05-28 16:32:37,587932,565887
2026-05-28 19:19:57,587932,565887
2026-05-28 21:28:30,587932,565887
2026-05-28 22:57:27,587932,565887
2026-05-29 00:16:38,587932,565887
2026-05-29 04:48:58,587932,565887
2026-05-29 08:37:19,587932,565887
2026-05-29 11:56:28,587932,565887
2026-05-29 16:04:04,587932,565887
2026-05-29 18:42:22,587932,565887
2026-05-29 21:04:01,587932,565887
2026-05-29 22:42:24,587932,565887
2026-05-29 23:57:46,587932,565887
2026-05-30 04:12:24,587932,565887
2026-05-30 07:23:40,587932,565887
2026-05-30 09:30:33,587932,565887
2026-05-30 11:05:10,587932,565887
2026-05-30 12:15:15,587932,565887
2026-05-30 14:10:03,587932,565887
2026-05-30 15:38:11,587932,565887
2026-05-30 16:44:01,587932,565887
2026-05-30 17:52:39,587932,565887
2026-05-30 19:37:50,587932,565887
2026-05-30 20:37:46,587932,565887
2026-05-30 21:42:04,587932,565887
2026-05-30 22:42:54,587932,565887
2026-05-30 23:45:51,587932,565887
2026-05-31 01:56:14,587932,565887
2026-05-31 06:32:23,587932,565887
2026-05-31 09:36:40,587932,565887
2026-05-31 11:20:07,587932,565887
2026-05-31 12:55:31,587932,565887
2026-05-31 14:51:16,587932,565887
2026-05-31 16:19:23,587932,565887
2026-05-31 17:35:09,587932,565887
2026-05-31 18:50:02,587932,565887
2026-05-31 20:03:18,587932,565887
